221.228.17.172,8181,HTTPS
118.190.95.35,9001,HTTP
60.255.186.169,8888,HTTPS
101.236.21.22,8866,

101.236.23.202,8866,
        
101.236.35.98,8866,
        
111.155.116.234,8123,HTTP
111.155.116.225,8123,HTTP
60.255.186.169,8888,HTTPS
61.135.217.7,80,HTTP
118.31.220.3,8080,
        

139.129.99.9,3128,HTTPS
118.190.95.43,9001,HTTP
111.155.116.238,8123,HTTP
121.31.103.142,8123,HTTPS
101.236.22.141,8866,
        
101.236.60.48,8866,
        
60.217.53.194,8118,HTTP
122.241.75.119,1133,HTTP
121.31.101.115,8123,HTTP
106.8.17.8,60443,HTTPS
106.8.17.37,60443,HTTPS
110.73.2.225,8123,HTTP
218.22.102.107,80,HTTP
110.73.42.199,8123,HTTPS
14.117.178.50,61234,HTTPS
113.122.10.2,53128,HTTPS
106.59.117.155,8118,HTTP
180.121.135.57,808,HTTPS
49.77.59.214,8118,HTTPS
61.135.155.82,443,HTTP
123.55.152.228,38923,HTTP
58.214.175.95,8118,HTTP
110.73.40.35,8123,HTTP
183.48.89.5,8118,HTTP
122.235.174.86,8118,HTTPS
110.73.4.175,8123,HTTP
221.194.106.186,31773,HTTP
110.73.43.229,8123,HTTP
220.191.102.132,6666,HTTPS
110.73.43.11,8123,HTTP
125.121.114.223,6666,HTTPS
58.56.149.198,53281,HTTPS
125.118.78.12,6666,HTTPS
183.128.241.29,6666,HTTPS
125.121.112.89,6666,HTTPS
125.118.72.249,6666,HTTPS
125.118.145.77,6666,HTTPS
117.92.196.61,53128,HTTP
222.185.23.166,6666,HTTPS
121.31.195.252,8123,HTTP
125.120.201.102,6666,HTTPS
121.31.195.235,8123,HTTPS
114.228.73.169,6666,HTTPS
125.118.75.195,6666,HTTPS
180.110.5.183,808,HTTP
115.198.34.178,6666,HTTP
220.184.212.27,6666,HTTPS
115.46.96.168,8123,HTTP
117.86.203.166,18118,HTTP
220.184.212.230,6666,HTTPS
114.225.170.164,53128,HTTP
121.231.155.181,6666,HTTPS
125.118.241.198,6666,HTTP
60.176.232.189,6666,HTTP
121.231.154.12,6666,HTTPS
110.73.42.250,8123,HTTP
115.204.29.112,6666,HTTPS
125.120.203.10,6666,HTTPS
121.31.100.98,8123,HTTPS
183.143.37.97,61234,HTTP
125.122.168.239,6666,HTTPS
110.85.89.243,8010,HTTPS
122.237.104.145,80,HTTPS
117.86.203.26,18118,HTTPS
101.236.60.52,8866,
        
27.16.162.155,8010,HTTPS
121.231.226.247,6666,HTTPS
222.85.22.121,8010,HTTPS
221.228.142.71,53281,HTTP
125.122.117.222,6666,HTTP
60.176.236.0,6666,HTTPS
122.237.106.166,80,HTTP
125.120.202.201,808,HTTP
125.118.145.50,6666,HTTPS
124.89.33.59,53281,HTTPS
115.198.34.253,6666,HTTPS
42.55.255.214,1133,HTTPS
60.176.236.183,6666,HTTPS
222.185.137.62,6666,HTTPS
114.228.73.198,6666,HTTPS
114.228.74.51,6666,HTTPS
110.73.9.150,8123,HTTP
119.5.1.21,808,HTTP
121.231.155.115,6666,HTTP
222.185.137.97,6666,HTTP
180.118.242.225,61234,HTTPS
121.31.194.172,8123,HTTP
110.73.41.108,8123,HTTPS
114.228.73.180,6666,HTTP
125.121.113.117,808,HTTP
123.180.69.164,808,HTTP
110.73.43.201,8123,HTTPS
59.32.37.249,61234,HTTPS
111.155.116.200,8123,HTTP
180.118.243.39,61234,HTTPS
180.121.134.79,18118,HTTPS
121.231.154.18,6666,HTTPS
115.204.30.205,6666,HTTPS
110.73.8.69,8123,HTTP
115.46.66.59,8123,HTTP
114.226.65.122,6666,HTTP
114.228.75.98,6666,HTTP
125.121.122.9,6666,HTTPS
60.176.232.75,6666,HTTP
123.207.30.131,80,
        
114.225.168.88,53128,HTTPS
49.74.91.98,53281,HTTP
221.227.250.222,18118,HTTP
125.118.75.215,808,HTTP
111.155.116.217,8123,HTTP
125.121.114.64,6666,HTTPS
117.86.205.117,18118,HTTPS
117.85.82.145,53128,HTTPS
114.228.75.139,6666,HTTPS
171.113.157.23,8010,HTTPS
60.176.235.148,6666,HTTPS
60.179.232.226,8010,HTTPS
125.122.118.54,6666,HTTPS
183.166.179.155,808,HTTP
220.191.102.224,6666,HTTPS
117.86.10.104,18118,HTTP
114.228.75.182,6666,HTTPS
106.8.17.113,60443,HTTPS
125.118.75.221,6666,HTTP
222.185.22.153,6666,HTTPS
115.204.29.76,6666,HTTP
125.118.147.49,808,HTTP
60.176.232.72,6666,HTTPS
114.226.65.158,6666,HTTPS
121.231.168.171,6666,HTTP
125.120.201.120,808,HTTP
49.88.160.56,8118,HTTPS
36.25.110.53,8010,HTTPS
110.85.89.187,8010,HTTP
115.204.29.6,6666,HTTPS
125.121.114.125,808,HTTP
180.121.129.123,18118,HTTPS
121.231.226.4,6666,HTTPS
27.16.163.59,8010,HTTPS
183.128.241.66,6666,HTTPS
115.204.29.173,6666,HTTPS
111.72.154.184,53128,HTTPS
117.86.20.79,18118,HTTP
121.231.155.95,808,HTTP
117.86.9.18,18118,HTTPS
115.204.26.139,6666,HTTPS
125.118.78.237,808,HTTP
121.231.32.13,6666,HTTP
123.53.133.56,48782,HTTPS
36.99.206.163,808,HTTPS
49.85.1.45,21211,HTTPS
115.196.122.18,28686,HTTPS
180.120.205.151,24950,HTTPS
1.194.191.46,41649,HTTPS
221.227.249.135,18118,HTTPS
121.69.13.242,53281,HTTPS
125.120.11.155,6666,HTTPS
125.118.145.11,6666,HTTPS
58.214.51.135,8070,HTTPS
220.191.101.31,6666,HTTPS
42.59.87.230,1133,HTTPS
112.87.246.66,53281,HTTPS
125.118.146.248,6666,HTTP
125.121.119.226,808,HTTP
27.16.162.231,8010,HTTP
115.198.33.149,6666,HTTPS
117.63.78.170,6666,HTTP
125.120.8.97,6666,HTTPS
110.73.4.196,8123,HTTPS
115.198.34.193,6666,HTTPS
111.72.155.151,53128,HTTPS
115.204.27.104,6666,HTTPS
180.110.7.132,3128,HTTP
114.226.128.143,6666,HTTPS
115.46.68.32,8123,HTTP
222.185.22.116,6666,HTTPS
219.157.174.156,8118,HTTP
114.226.128.238,6666,HTTPS
115.223.78.130,8010,HTTPS
115.204.25.39,6666,HTTP
125.118.76.245,6666,HTTP
1.197.58.28,23163,HTTPS
1.194.162.139,46246,HTTPS
222.89.86.57,31011,HTTPS
222.185.160.189,6666,HTTPS
122.241.220.208,24284,HTTPS
220.162.73.120,35511,HTTPS
171.12.166.180,61234,HTTPS
61.174.232.112,29494,HTTPS
106.8.17.28,60443,HTTPS
120.33.247.139,808,HTTPS
123.163.20.24,47675,HTTPS
1.196.123.159,29420,HTTPS
1.197.58.84,22219,HTTPS
222.85.39.108,808,HTTPS
222.85.50.186,808,HTTP
123.54.237.57,22517,HTTPS
60.169.219.126,45455,HTTPS
110.90.184.189,49897,HTTP
171.13.36.122,808,HTTP
123.169.38.62,41916,HTTPS
49.85.6.73,42640,HTTPS
36.99.206.190,808,HTTP
58.54.221.149,20478,HTTPS
122.242.93.28,37180,HTTPS
222.190.222.59,27623,HTTPS
122.242.91.97,26338,HTTPS
222.182.224.188,25047,HTTPS
123.162.87.99,25070,HTTPS
27.209.212.2,61234,HTTP
117.86.206.85,38167,HTTP
114.216.71.229,31100,HTTP
125.121.123.105,6666,HTTPS
171.13.37.1,808,HTTPS
123.53.134.41,40122,HTTP
58.54.220.41,31131,HTTP
106.46.2.190,36430,
        
171.12.176.201,27742,HTTP
171.14.90.76,44264,HTTPS
115.221.121.238,37715,HTTPS
49.84.197.219,20597,HTTPS
125.112.194.92,21151,HTTPS
49.85.0.215,46305,HTTPS
125.109.193.145,24589,HTTP
115.221.118.193,32334,HTTPS
125.117.213.110,20575,HTTPS
123.163.133.93,44371,HTTPS
42.177.140.13,42005,HTTPS
1.199.192.2,24401,HTTPS
114.221.168.93,42548,HTTPS
115.221.125.184,48533,HTTPS
115.207.211.53,39904,HTTPS
117.69.230.252,21741,HTTPS
125.126.169.5,808,HTTPS
171.13.27.150,35363,HTTPS
123.162.84.164,30922,HTTPS
1.199.193.23,27944,HTTP
1.197.57.66,21121,HTTPS
114.231.70.50,18118,HTTPS
123.162.192.8,32963,HTTPS
123.161.236.203,42089,HTTPS
114.232.161.43,46236,HTTPS
125.111.116.148,40905,HTTPS
1.196.112.197,23425,HTTPS
222.185.137.191,6666,HTTPS
115.221.121.65,47661,HTTP
171.80.185.244,49658,
        
125.109.197.79,43786,HTTP
123.162.80.84,22787,HTTPS
123.161.236.50,26874,HTTP
222.182.227.187,35493,HTTPS
110.86.147.71,25416,HTTPS
42.7.2.91,23316,HTTPS
123.163.152.15,41048,HTTPS
113.121.44.114,20898,HTTPS
140.224.104.66,34864,
        
117.69.201.121,31518,HTTPS
1.194.116.171,43734,HTTPS
1.198.241.115,33223,HTTP
125.109.195.134,44489,HTTP
182.34.32.32,42000,HTTP
222.85.50.216,808,HTTP
42.54.95.76,44002,HTTP
115.215.51.124,48921,HTTP
120.38.103.27,27972,HTTPS
1.194.121.224,39531,HTTP
121.12.23.118,23911,HTTP
115.221.120.105,44068,HTTPS
123.55.176.43,29720,HTTPS
180.122.145.73,40613,HTTPS
1.197.58.30,39048,HTTPS
117.94.205.113,48069,HTTPS
42.225.189.168,49241,HTTPS
115.210.178.96,40040,HTTPS
123.53.132.84,32536,HTTPS
59.57.35.11,39694,HTTPS
123.163.134.179,49468,HTTPS
110.73.9.15,8123,HTTP
182.38.124.205,24729,HTTPS
123.55.191.252,49445,HTTPS
125.123.120.147,46339,HTTPS
180.113.80.92,32371,HTTPS
1.199.192.42,808,HTTP
60.179.235.186,29160,HTTPS
1.194.129.44,23496,HTTPS
36.99.206.186,61234,HTTP
125.123.122.144,47553,HTTPS
115.196.123.8,21552,HTTP
27.153.128.241,41706,HTTP
222.185.22.43,6666,HTTPS
123.55.186.45,37019,HTTP
49.85.0.105,32948,HTTP
49.85.0.105,32948,HTTPS
115.196.123.8,21552,HTTPS
115.221.121.13,28047,HTTPS
171.12.167.220,37994,HTTPS
1.194.171.188,44989,HTTPS
110.88.127.27,44508,HTTPS
122.242.94.28,23454,HTTPS
123.169.35.145,30270,HTTPS
121.205.254.6,24702,HTTPS
1.194.154.216,39277,HTTPS
113.121.43.134,46875,HTTPS
115.215.50.147,29154,HTTPS
115.230.65.234,26263,HTTPS
122.241.28.104,40366,HTTPS
125.112.198.222,49686,HTTPS
171.12.165.114,43918,HTTPS
180.122.145.160,45984,HTTPS
180.122.150.73,35157,HTTPS
222.79.179.66,49370,HTTPS
218.73.140.243,26656,HTTPS
222.190.222.170,37030,HTTPS
115.213.250.139,26576,HTTPS
180.122.149.16,26335,HTTPS
114.231.67.200,47303,HTTPS
121.207.77.26,39985,HTTPS
60.182.179.233,44600,HTTPS
125.112.175.204,39506,HTTPS
49.89.143.230,22251,HTTPS
125.111.116.59,20555,HTTPS
49.85.0.152,43436,HTTP
123.160.52.153,34086,HTTP
110.90.188.43,28481,HTTP
49.85.6.203,41798,HTTP
27.31.101.243,25013,HTTP
115.221.122.157,49677,HTTP
111.155.124.77,8123,HTTP
183.128.66.19,26843,HTTPS
171.12.138.192,37400,HTTPS
115.203.186.173,24828,HTTPS
60.184.204.149,34383,HTTPS
182.34.34.168,25794,HTTPS
114.238.130.138,36577,HTTPS
1.194.145.182,22463,HTTPS
36.99.206.107,22441,HTTPS
123.163.20.70,41329,HTTPS
60.182.196.85,48311,HTTPS
220.165.29.50,30233,HTTPS
42.7.7.99,32160,HTTPS
123.55.186.159,25211,HTTPS
123.149.160.132,26803,HTTPS
125.123.121.187,40025,HTTPS
112.113.155.220,22006,HTTPS
125.112.194.5,24789,HTTPS
114.231.68.66,41485,HTTPS
125.118.76.18,6666,HTTP
114.225.168.130,53128,HTTPS
59.32.37.232,8010,HTTPS
111.155.116.216,8123,HTTP
221.227.250.83,18118,HTTPS
125.118.75.182,808,HTTP
171.39.2.51,8123,HTTP
125.120.206.76,6666,HTTPS
113.121.43.75,53128,HTTPS
180.118.243.110,808,HTTPS
125.118.76.40,6666,HTTPS
220.191.100.37,808,HTTP
115.204.26.48,6666,HTTPS
106.8.17.36,60443,HTTPS
220.191.13.168,6666,HTTPS
121.231.226.221,6666,HTTPS
221.5.54.6,808,HTTPS
117.86.16.66,18118,HTTPS
222.185.160.186,6666,HTTPS
221.227.249.134,18118,HTTP
114.226.65.118,6666,HTTPS
115.204.28.217,6666,HTTPS
60.176.239.238,6666,HTTPS
221.234.249.128,8010,HTTPS
125.118.78.185,808,HTTP
27.203.145.89,8118,HTTPS
125.117.213.225,23535,HTTP
222.182.226.176,28163,HTTP
171.14.232.200,44629,HTTP
1.196.0.51,38782,HTTP
171.14.90.230,32424,HTTP
115.215.48.109,31091,HTTP
123.162.4.25,31383,HTTPS
36.25.110.27,37307,HTTPS
125.123.126.128,24626,HTTPS
123.54.249.158,34596,HTTPS
36.22.199.80,44442,HTTPS
171.12.138.90,808,HTTPS
1.196.0.154,37108,HTTPS
106.46.201.243,25328,
        
49.70.106.243,23024,HTTPS
171.14.90.249,30733,HTTP
42.59.116.58,48398,HTTP
1.197.56.33,27559,HTTPS
114.230.122.10,48880,HTTP
125.111.118.216,27936,HTTP
180.122.148.123,42896,HTTPS
182.34.17.0,40714,HTTP
1.194.171.208,33369,HTTP
114.218.157.241,39266,HTTP
219.156.132.17,808,HTTPS
1.197.57.199,41742,HTTPS
49.85.2.113,28123,HTTPS
106.110.198.158,29247,HTTPS
1.194.129.168,34370,HTTPS
222.182.224.57,27800,HTTPS
175.8.27.217,46839,HTTPS
49.85.0.73,40991,HTTPS
123.55.2.129,33924,HTTPS
60.175.213.239,21859,HTTPS
117.86.10.221,18118,HTTP
1.196.158.106,45180,HTTPS
125.111.119.148,31668,HTTPS
222.85.50.196,808,HTTP
121.205.73.42,41987,HTTPS
27.151.171.54,24462,HTTPS
123.160.52.215,30941,HTTPS
125.123.126.57,44052,HTTPS
115.208.95.176,29688,HTTPS
119.5.0.28,808,HTTP
222.85.39.71,808,HTTP
60.179.42.102,29177,HTTPS
125.123.123.245,25226,HTTPS
49.85.4.135,44766,HTTPS
125.123.124.3,29620,HTTPS
180.122.147.229,32179,HTTPS
121.239.59.76,21287,HTTPS
125.109.194.137,27851,HTTPS
115.215.50.61,41005,HTTPS
121.205.74.54,38478,HTTPS
1.193.239.177,26304,HTTPS
123.161.236.118,42974,HTTPS
123.53.136.75,34044,HTTPS
117.86.19.0,26087,HTTPS
110.86.100.105,41282,HTTPS
115.223.67.100,8010,HTTPS
122.241.67.229,21491,HTTP
125.123.125.103,46284,HTTP
1.194.121.87,28590,HTTP
42.7.31.188,28583,HTTP
36.25.56.212,36204,HTTP
123.163.179.57,38866,HTTP
125.111.118.21,26203,HTTP
125.111.117.21,48127,HTTP
125.125.237.97,43030,HTTP
60.186.155.246,45396,HTTPS
49.85.2.151,32043,HTTPS
182.42.41.36,38885,HTTPS
171.13.36.153,808,HTTP
183.143.23.183,46681,HTTPS
182.34.21.174,30474,HTTPS
180.122.145.98,36417,HTTPS
175.167.61.147,33581,HTTPS
117.86.165.60,20263,HTTPS
60.186.159.246,45075,HTTPS
220.162.6.56,45374,HTTPS
125.117.146.252,24984,HTTPS
122.246.48.230,8010,HTTPS
27.153.128.11,42515,HTTPS
120.34.90.132,37931,HTTPS
123.163.142.207,47001,HTTPS
115.226.151.241,30173,HTTPS
222.85.50.20,808,HTTPS
125.112.200.167,29100,HTTPS
27.153.128.104,26263,HTTP
123.161.153.78,39574,HTTP
171.14.91.75,39451,HTTPS
220.191.12.245,6666,HTTPS
49.85.6.160,30314,HTTPS
120.34.90.154,47078,HTTPS
182.34.102.15,47929,HTTPS
114.229.216.20,27699,HTTPS
114.230.121.2,42094,HTTPS
60.169.223.176,26049,HTTPS
120.38.103.26,38786,HTTP
111.155.116.215,8123,HTTP
171.13.37.32,808,HTTP
114.239.222.156,49565,HTTPS
36.6.147.85,24051,HTTP
117.86.15.35,18118,HTTPS
180.122.150.149,32093,HTTPS
125.79.71.27,29287,HTTPS
117.69.200.109,26415,HTTP
182.42.46.201,45708,HTTPS
117.83.68.209,23375,HTTPS
122.230.41.81,46205,HTTPS
49.85.1.209,28038,HTTPS
121.226.186.237,20007,HTTPS
106.110.68.121,26798,HTTPS
180.122.147.176,21784,HTTPS
171.13.36.156,808,HTTPS
113.121.22.222,32445,HTTPS
36.25.57.154,22485,HTTPS
125.78.12.239,37282,HTTP
115.221.117.169,45701,HTTP
1.196.135.138,30250,HTTP
49.85.6.225,42980,HTTPS
183.135.254.92,45013,HTTP
123.160.34.137,32605,HTTP
117.86.207.245,33239,HTTP
123.54.230.156,47943,HTTP
125.118.75.168,6666,HTTP
49.85.3.160,48305,HTTPS
60.182.38.104,21379,HTTPS
180.122.148.205,45199,HTTPS
183.163.173.99,22205,HTTPS
140.224.98.47,43596,
        
180.122.144.86,21570,HTTPS
171.13.37.221,23727,HTTP
117.95.103.73,41512,HTTPS
115.207.215.88,47428,HTTPS
36.25.109.92,30181,HTTPS
182.45.177.204,6666,HTTPS
101.27.22.85,36901,HTTPS
124.163.74.18,22838,HTTPS
115.198.33.127,6666,HTTPS
125.125.179.182,37040,HTTPS
171.39.41.133,8123,HTTPS
114.228.74.37,6666,HTTP
222.188.236.251,26816,HTTPS
49.72.11.39,41368,HTTP
123.149.162.105,24542,HTTP
36.99.207.210,808,HTTPS
123.161.154.107,36883,HTTPS
180.122.145.223,21198,HTTP
123.161.153.64,28784,HTTP
123.161.153.64,28784,HTTPS
36.99.158.134,48648,HTTP
36.25.27.175,28008,HTTPS
125.111.117.124,34735,HTTPS
123.161.155.243,41727,HTTPS
222.89.74.155,29355,HTTPS
117.86.205.30,26450,HTTPS
180.122.148.7,27929,HTTP
123.161.156.214,35896,HTTPS
1.194.148.73,43721,HTTPS
115.204.25.1,6666,HTTPS
36.99.206.249,41851,HTTPS
180.122.144.84,46012,HTTPS
1.193.237.49,31950,HTTPS
59.57.28.128,48023,HTTPS
218.5.161.226,31253,HTTPS
180.122.145.8,29633,HTTP
1.194.154.248,21100,HTTPS
221.227.251.82,23571,HTTPS
59.56.224.20,24051,HTTPS
110.73.11.197,8123,HTTPS
125.121.119.163,6666,HTTPS
171.80.185.106,48673,
        
115.226.154.35,33772,HTTPS
171.80.187.123,27774,
        
180.155.135.219,24059,HTTPS
222.190.222.107,22318,HTTPS
113.101.138.77,29329,HTTPS
123.55.186.201,49996,HTTPS
180.118.243.26,61234,HTTPS
60.176.237.156,6666,HTTP
125.120.201.30,808,HTTP
122.6.161.249,6666,HTTP
36.99.206.15,61234,HTTPS
14.21.243.14,6666,HTTPS
27.16.162.128,8010,HTTPS
125.118.76.164,6666,HTTPS
60.205.205.48,80,HTTPS
125.121.116.253,808,HTTP
114.228.75.199,6666,HTTPS
110.73.3.78,8123,HTTP
125.118.149.150,6666,HTTP
125.121.120.158,808,HTTP
125.118.76.145,6666,HTTPS
115.204.28.149,6666,HTTPS
111.72.155.164,53128,HTTPS
125.118.73.87,6666,HTTPS
125.118.146.222,6666,HTTPS
125.121.120.252,6666,HTTPS
115.198.37.1,6666,HTTPS
125.118.241.240,6666,HTTP
125.120.204.31,808,HTTP
171.221.202.181,63000,HTTPS
125.121.117.78,808,HTTP
117.86.204.87,18118,HTTP
125.118.244.38,6666,HTTP
125.120.202.195,6666,HTTPS
125.120.9.74,6666,HTTPS
125.118.76.203,6666,HTTPS
114.228.73.144,6666,HTTPS
125.121.121.50,6666,HTTPS
125.122.171.3,808,HTTP
114.226.128.77,6666,HTTPS
180.118.243.144,808,HTTPS
220.184.213.223,6666,HTTPS
125.118.151.149,808,HTTP
125.120.207.17,6666,HTTP
125.118.77.149,808,HTTP
220.184.214.195,6666,HTTP
60.176.232.87,6666,HTTPS
114.228.73.194,6666,HTTP
114.226.105.116,6666,HTTP
115.198.34.9,6666,HTTP
115.198.35.213,6666,HTTPS
111.155.116.207,8123,HTTP
125.118.148.109,6666,HTTPS
220.191.101.72,6666,HTTP
115.204.29.199,6666,HTTP
115.198.39.59,6666,HTTPS
125.121.114.75,6666,HTTPS
121.231.32.127,6666,HTTP
115.198.37.108,6666,HTTPS
58.19.81.164,53128,HTTPS
171.37.163.148,8123,HTTPS
60.176.233.63,6666,HTTPS
125.118.245.145,6666,HTTPS
125.118.73.194,808,HTTP
222.185.22.29,6666,HTTPS
222.185.137.254,6666,HTTPS
125.122.116.46,6666,HTTPS
183.128.243.205,6666,HTTPS
119.5.1.29,808,HTTP
125.122.171.136,6666,HTTPS
125.120.202.31,6666,HTTP
125.122.119.206,6666,HTTP
121.231.32.236,6666,HTTP
117.63.78.198,6666,HTTPS
36.99.207.189,61234,HTTPS
121.31.153.33,8123,HTTP
220.191.13.243,6666,HTTPS
125.118.146.153,6666,HTTP
122.246.51.223,8010,HTTPS
125.118.240.237,6666,HTTP
106.8.17.6,60443,HTTPS
220.184.212.153,6666,HTTPS
220.191.101.204,6666,HTTPS
115.204.27.137,6666,HTTPS
121.231.155.163,6666,HTTP
115.204.29.119,6666,HTTPS
124.235.144.237,80,HTTP
115.204.26.113,6666,HTTP
222.185.137.74,6666,HTTPS
222.185.160.65,6666,HTTPS
121.231.155.160,6666,HTTPS
60.176.235.96,6666,HTTP
125.121.112.46,6666,HTTPS
115.198.33.251,6666,HTTPS
125.118.75.136,808,HTTP
220.191.101.225,6666,HTTPS
115.198.36.153,6666,HTTPS
60.176.239.186,808,HTTP
125.120.205.253,6666,HTTPS
114.226.65.65,6666,HTTPS
175.155.77.112,1133,HTTP
125.118.78.235,6666,HTTPS
121.205.254.248,28276,HTTP
220.191.12.45,6666,HTTPS
121.231.32.10,6666,HTTP
115.210.79.67,8010,HTTPS
125.121.115.50,6666,HTTPS
125.121.118.216,6666,HTTPS
121.231.168.69,6666,HTTPS
220.184.215.156,6666,HTTP
115.204.26.133,6666,HTTPS
125.118.79.193,808,HTTP
125.120.204.90,6666,HTTPS
125.118.246.244,6666,HTTPS
60.176.232.71,808,HTTP
125.118.75.178,808,HTTP
180.121.128.9,18118,HTTP
125.118.74.58,6666,HTTP
49.87.175.33,53128,HTTP
220.184.213.143,6666,HTTPS
220.191.102.37,808,HTTP
114.230.41.230,3128,HTTPS
1.197.56.217,808,HTTPS
222.185.160.159,6666,HTTPS
60.176.238.176,6666,HTTP
121.231.154.41,6666,HTTPS
125.120.11.239,6666,HTTP
125.121.120.107,808,HTTP
115.204.29.20,6666,HTTP
60.176.237.103,6666,HTTPS
36.99.207.32,61234,HTTPS
117.86.203.7,18118,HTTPS
125.120.203.235,6666,HTTPS
125.121.113.195,6666,HTTPS
125.121.119.82,808,HTTP
220.184.214.24,6666,HTTPS
117.86.9.214,18118,HTTPS
114.228.75.2,6666,HTTPS
121.231.32.231,6666,HTTP
117.86.166.57,18118,HTTPS
121.231.226.189,6666,HTTPS
115.198.36.104,6666,HTTPS
125.118.73.161,6666,HTTP
121.231.32.109,6666,HTTPS
220.191.12.193,808,HTTP
114.226.135.173,6666,HTTPS
117.63.78.81,6666,HTTP
182.110.12.145,31773,HTTPS
220.191.12.138,6666,HTTPS
220.191.103.105,6666,HTTP
125.120.202.61,6666,HTTP
60.176.236.198,6666,HTTP
125.121.116.247,808,HTTP
114.228.73.65,6666,HTTPS
125.120.8.56,808,HTTP
220.191.12.208,6666,HTTPS
114.226.128.122,6666,HTTP
125.120.205.113,6666,HTTPS
117.86.8.191,18118,HTTPS
183.128.242.174,6666,HTTPS
115.221.112.246,8010,HTTPS
183.128.240.142,6666,HTTPS
182.45.177.114,6666,HTTPS
180.118.240.54,61234,HTTPS
125.120.10.38,6666,HTTPS
125.120.206.36,6666,HTTPS
222.185.23.29,6666,HTTPS
114.226.128.187,6666,HTTPS
125.118.76.59,6666,HTTPS
125.122.171.172,6666,HTTPS
125.118.147.0,808,HTTP
220.191.100.186,808,HTTP
60.176.238.200,6666,HTTPS
125.121.121.150,808,HTTP
125.121.122.232,6666,HTTP
125.121.123.159,6666,HTTP
121.231.226.205,6666,HTTPS
221.234.193.54,8010,HTTP
171.113.156.167,8010,HTTPS
114.225.170.173,53128,HTTPS
171.113.158.133,8010,HTTPS
222.185.23.149,6666,HTTPS
220.191.15.92,808,HTTP
60.176.237.203,6666,HTTPS
117.86.204.193,808,HTTP
114.226.128.220,6666,HTTP
125.118.75.248,6666,HTTPS
125.121.116.94,808,HTTP
114.231.67.9,18118,HTTPS
125.118.75.24,808,HTTP
180.118.241.43,61234,HTTPS
221.227.248.190,18118,HTTP
114.226.135.180,6666,HTTPS
221.232.194.180,8010,HTTPS
125.121.121.42,6666,HTTPS
220.191.15.118,6666,HTTPS
27.36.94.72,80,HTTPS
115.204.27.39,6666,HTTP
183.143.58.100,61234,HTTP
125.118.145.216,6666,HTTPS
125.120.207.48,6666,HTTPS
114.226.135.54,6666,HTTPS
117.63.78.33,6666,HTTPS
125.122.170.201,808,HTTP
125.118.78.24,6666,HTTPS
182.88.213.111,8123,HTTP
222.185.22.248,6666,HTTPS
125.118.149.244,808,HTTP
60.176.232.37,6666,HTTPS
222.185.160.17,6666,HTTP
117.86.8.93,18118,HTTP
125.118.79.184,6666,HTTPS
171.113.159.80,8010,HTTPS
222.185.160.96,6666,HTTPS
125.120.202.165,6666,HTTPS
220.191.14.199,6666,HTTPS
125.122.168.217,6666,HTTPS
115.204.26.41,6666,HTTPS
222.170.0.102,53281,HTTPS
182.45.176.149,6666,HTTP
114.226.105.81,6666,HTTPS
125.122.118.193,6666,HTTP
220.191.100.39,6666,HTTP
220.191.12.164,808,HTTP
114.226.65.125,6666,HTTPS
125.121.118.51,6666,HTTP
125.122.168.161,808,HTTP
122.246.53.198,8010,HTTP
125.118.146.70,6666,HTTPS
117.63.78.4,6666,HTTPS
125.121.123.58,6666,HTTPS
171.38.26.110,8123,HTTPS
114.226.105.233,6666,HTTPS
115.204.26.97,808,HTTP
220.184.213.82,6666,HTTPS
171.39.42.138,8123,HTTPS
125.118.149.165,6666,HTTPS
115.204.29.43,808,HTTP
111.155.116.228,8123,HTTP
125.121.120.110,808,HTTP
114.228.74.196,6666,HTTP
115.204.29.123,808,HTTP
121.231.154.185,6666,HTTPS
114.226.135.127,6666,HTTPS
60.176.237.171,6666,HTTPS
220.191.15.117,6666,HTTPS
222.181.10.31,8118,HTTPS
125.118.76.111,808,HTTP
125.121.112.196,808,HTTP
220.191.14.215,6666,HTTPS
125.121.112.153,6666,HTTPS
114.228.75.253,6666,HTTPS
222.185.137.107,6666,HTTPS
115.204.27.93,6666,HTTPS
114.226.65.238,6666,HTTP
222.185.160.160,6666,HTTPS
125.120.9.183,6666,HTTPS
115.198.32.101,6666,HTTPS
125.118.151.240,808,HTTP
125.121.119.109,6666,HTTPS
115.198.37.188,808,HTTP
222.185.160.158,6666,HTTPS
115.204.31.84,6666,HTTPS
221.234.250.117,8010,HTTPS
182.45.176.152,6666,HTTPS
114.226.65.29,6666,HTTPS
114.226.65.139,6666,HTTPS
114.226.135.224,6666,HTTPS
220.184.215.248,6666,HTTPS
220.184.213.204,6666,HTTPS
125.120.207.90,808,HTTP
210.74.7.38,53281,HTTP
125.121.114.10,6666,HTTP
111.155.116.240,8123,HTTP
114.226.65.140,6666,HTTPS
125.121.114.10,6666,HTTPS
60.176.234.209,808,HTTP
14.29.123.59,53281,HTTPS
115.198.33.18,6666,HTTPS
114.228.73.49,6666,HTTPS
114.226.65.228,6666,HTTPS
121.31.158.116,8123,HTTP
125.118.151.168,6666,HTTPS
183.128.241.101,6666,HTTPS
110.73.6.42,8123,HTTP
125.118.73.179,6666,HTTPS
121.231.32.130,6666,HTTPS
118.190.95.26,9001,HTTPS
125.118.79.163,6666,HTTPS
121.231.155.34,6666,HTTPS
114.228.75.209,6666,HTTP
119.5.0.25,808,HTTP
183.128.241.162,6666,HTTPS
171.39.45.167,8123,HTTPS
180.118.243.198,808,HTTPS
114.225.168.54,53128,HTTPS
183.128.242.0,6666,HTTPS
125.120.9.136,6666,HTTPS
125.120.206.239,6666,HTTPS
121.231.226.161,6666,HTTPS
117.63.78.34,6666,HTTP
220.184.212.159,6666,HTTPS
125.122.119.108,6666,HTTPS
125.120.200.42,808,HTTP
125.121.112.26,6666,HTTPS
115.198.34.49,6666,HTTP
125.118.73.73,6666,HTTP
125.120.11.190,6666,HTTP
111.155.116.232,8123,HTTPS
115.198.37.85,6666,HTTPS
111.155.124.84,8123,HTTP
222.185.22.86,6666,HTTPS
110.73.1.82,8123,HTTPS
222.185.23.189,6666,HTTPS
219.136.252.124,53281,HTTP
125.120.207.38,6666,HTTP
125.120.9.98,6666,HTTP
125.118.247.4,6666,HTTPS
114.228.75.113,6666,HTTP
115.198.34.230,6666,HTTPS
125.120.10.117,6666,HTTPS
125.122.168.112,6666,HTTPS
222.185.22.242,6666,HTTPS
122.246.51.204,8010,HTTPS
171.37.161.201,8123,HTTPS
121.231.32.159,6666,HTTPS
222.185.137.128,6666,HTTP
222.185.23.98,808,HTTPS
125.118.145.40,6666,HTTPS
221.232.235.43,8010,HTTP
114.228.74.221,6666,HTTPS
121.231.226.138,6666,HTTPS
121.31.102.137,8123,HTTPS
115.198.33.15,6666,HTTP
182.92.233.137,8118,HTTPS
125.121.117.8,808,HTTP
115.204.25.209,6666,HTTPS
222.185.23.82,6666,HTTPS
121.231.154.232,6666,HTTPS
125.122.116.159,6666,HTTP
125.120.202.145,6666,HTTPS
220.191.14.208,6666,HTTP
121.231.168.51,6666,HTTPS
110.73.5.154,8123,HTTP
